lluvia_mm,humedad_suelo,capacidad_drenaje,pendiente_topografica,riesgo_inundacion
102,16,29,6.366696821672074,Alto
51,84,38,6.139335847600618,Alto
92,77,30,0.6665204056068996,Critico
14,72,81,5.18408021945204,Medio
106,0,99,1.5016900081704165,Alto
71,50,1,7.374337687214856,Alto
60,44,77,5.122219208126745,Medio
20,76,76,6.802277792083533,Medio
102,3,92,0.41672900602384266,Alto
82,61,11,0.8479201604580322,Critico
86,64,38,7.163233880626823,Alto
74,31,65,0.7208433599867337,Alto
74,33,95,0.712567277652586,Alto
87,91,12,0.1210847523488745,Critico
116,94,45,9.5650139829948,Alto
99,71,26,7.37508359459007,Alto
103,38,16,3.5325140850206416,Alto
23,25,94,2.9653558128765525,Bajo
2,33,97,3.4970322974584955,Bajo
21,53,59,7.746535311811819,Bajo
52,2,63,6.613706110704144,Bajo
1,49,87,1.8519556786746794,Medio
87,11,34,1.7410933533408435,Alto
107,64,69,0.9839564971339732,Critico
29,53,82,6.603027197013382,Medio
37,4,29,7.643726622217359,Bajo
1,93,70,2.6504642832500402,Medio
63,93,73,0.20944961030912812,Alto
59,56,95,0.8217166747642735,Alto
20,16,97,9.678600348450304,Bajo
32,46,62,2.9544477747742026,Medio
75,22,27,7.692231478381336,Medio
57,78,59,6.2466356885426375,Alto
21,100,78,3.8193963965289592,Medio
107,84,93,2.0568726219555513,Critico
88,13,36,1.2138641815940643,Alto
48,65,92,6.150129680388666,Medio
90,74,21,7.74633780637788,Alto
58,50,67,6.439042535411307,Medio
41,37,19,5.303021332491583,Medio
91,63,95,0.41951223431636264,Alto
59,97,99,9.684887775943839,Medio
79,37,67,7.987141916545745,Medio
14,49,90,2.928220367009647,Medio
61,97,63,9.799703293588507,Medio
61,81,16,6.018815896363221,Alto
46,29,11,5.824226582072464,Medio
61,78,21,7.4807317942953215,Alto
50,90,16,8.117697880901375,Alto
107,50,9,6.564786073315027,Alto
54,62,64,1.2809574636620003,Alto
115,97,21,3.382675059944984,Critico
63,51,89,9.280836403260498,Medio
120,37,81,2.2461561184385195,Alto
2,96,49,3.7216702383751334,Medio
100,87,13,4.32076882944196,Critico
50,78,63,4.394049896944522,Alto
6,29,46,6.129395824945255,Bajo
20,50,28,9.430758377447075,Bajo
72,80,75,2.40692711832505,Alto
38,4,35,1.2150137630091806,Medio
17,28,98,1.9747048985993731,Bajo
3,3,51,8.869249002092696,Bajo
88,9,75,6.458108126552061,Medio
59,55,6,2.859067892391601,Alto
13,16,28,8.159469389686173,Bajo
113,73,10,8.61369996363436,Alto
8,16,32,8.465143386902781,Bajo
89,83,5,9.189265336395545,Alto
52,87,78,2.522410201733616,Alto
1,68,31,7.550419287462783,Medio
83,33,50,4.6053949727414,Alto
91,5,74,8.419985528900614,Medio
110,52,57,7.284906771616132,Alto
59,65,86,7.764474464997246,Medio
70,76,25,6.561618376810715,Alto
43,42,97,1.7742876946970687,Medio
7,74,45,5.450269188969383,Medio
46,22,97,9.846697395245082,Bajo
34,54,28,9.373880664971189,Medio
77,79,3,0.4317373579701167,Critico
80,94,80,1.6481481572943713,Alto
35,74,98,1.317287734545619,Medio
49,15,12,7.259799099852955,Medio
103,7,38,8.17785329856945,Medio
3,3,14,2.1351136631067194,Medio
1,3,28,5.05852692951829,Bajo
5,55,28,8.407030280112,Bajo
53,24,74,7.328015447662506,Medio
105,66,31,5.422372054918483,Alto
3,95,1,5.903476904587729,Medio
53,66,46,5.0836054691628,Alto
92,26,77,2.9754845131882055,Alto
62,92,83,5.650219928590161,Alto
17,31,21,6.888853020500907,Medio
89,49,74,8.733229158608077,Medio
43,60,26,6.362913539792481,Medio
33,50,66,7.61121537043158,Medio
73,18,80,1.60071634954573,Medio
61,20,55,4.6155747441978985,Medio
99,4,91,0.09331619827093296,Alto
13,81,92,2.46678864521623,Medio
94,91,20,7.264617151130048,Alto
47,41,46,9.918099513493635,Medio
14,60,79,0.9917809958721591,Medio
71,21,100,4.0149431586128825,Medio
77,20,58,8.000709686991595,Medio
86,69,83,2.0403563462889887,Alto
120,0,5,5.550849493022863,Alto
61,4,18,7.330712960296748,Medio
39,11,56,6.159854502601791,Bajo
84,89,68,1.8802473461541613,Critico
79,45,2,3.553845686857394,Alto
108,33,0,7.837917844853973,Alto
81,48,57,5.542265141320167,Alto
110,77,37,0.052296135429127366,Critico
52,89,14,7.6099076002809385,Alto
23,44,33,0.3531135494023907,Medio
25,26,60,7.457337827312322,Bajo
88,72,34,2.024805601652374,Critico
59,25,63,9.580734801193802,Bajo
108,46,24,3.679407513020845,Critico
40,85,23,3.269316163380791,Alto
28,55,11,1.4888805033244468,Alto
14,93,17,3.0560421549021486,Alto
44,62,14,8.766507618282006,Medio
64,47,79,9.963343376272473,Medio
88,60,26,3.683095305068483,Alto
70,80,71,4.486106309545425,Alto
8,25,59,7.220709382027371,Bajo
87,35,45,8.861957804650745,Medio
0,0,88,5.930443341867841,Bajo
107,7,16,3.9152569817782936,Alto
7,98,92,4.126218408486237,Medio
87,51,52,6.956181464968068,Alto
62,78,7,0.032182636042786816,Critico
10,46,78,6.195893374598407,Bajo
114,55,26,3.554930104413574,Critico
80,85,45,7.941973312770843,Alto
7,13,49,0.9299063982313216,Medio
34,89,70,5.882022669483905,Medio
34,27,2,4.809728898861238,Medio
32,86,92,6.423255259052274,Medio
4,77,63,0.6485359448296835,Medio
105,87,43,5.799837874281312,Critico
102,1,52,5.614845879595237,Medio
40,25,23,5.606600944161709,Medio
27,13,59,6.034876665964548,Bajo
6,58,2,6.764679372263622,Medio
72,55,19,8.049889996807698,Alto
71,6,45,2.6982072012821434,Medio
11,2,14,8.250494101800621,Bajo
33,22,24,4.982556822634536,Medio
32,17,93,0.7705827913433116,Medio
47,37,77,0.585509292439792,Medio
118,98,70,3.3423831869606078,Critico
22,14,16,7.8489697711146755,Bajo
61,63,83,7.076809347409157,Medio
87,88,99,7.886149646724064,Alto
36,100,8,5.172690564416094,Alto
98,27,37,4.401989979554905,Alto
43,73,47,1.4745252670628395,Alto
103,38,59,3.2819275360931153,Alto
85,56,62,4.340193661738753,Alto
90,16,85,0.8860042967961723,Alto
34,85,1,2.2061195271121123,Alto
64,89,87,5.982252940637388,Alto
98,43,71,7.356631142391898,Alto
100,24,10,9.983475113929497,Alto
46,16,63,9.331133313435577,Bajo
77,12,76,6.425651995351915,Medio
2,83,80,4.21248053294072,Medio
0,24,71,6.361773647082327,Bajo
4,67,20,7.85651618080232,Medio
89,9,17,1.1833619092338732,Alto
118,66,93,4.099048896962882,Alto
13,17,63,8.398022856356173,Bajo
102,99,81,3.83832951933044,Critico
26,85,94,5.718722712271865,Medio
8,33,37,5.877693608621982,Bajo
78,7,31,1.8447625313363936,Alto
14,39,10,3.622354416522884,Medio
89,82,44,3.3451128874193214,Critico
41,41,88,0.26196708532064794,Medio
76,40,32,0.24191763891355245,Alto
50,100,40,8.316970436757735,Alto
62,5,7,2.7307080997281243,Alto
95,51,10,5.180787662388155,Alto
102,25,85,2.9872557358877305,Alto
112,63,50,9.406792451153406,Alto
51,97,87,2.5929675886577375,Alto
95,58,40,4.296568127389351,Alto
3,55,16,8.727302504846019,Bajo
93,58,75,8.419335667918087,Medio
100,69,45,1.8610141784627732,Critico
22,100,31,8.026433097957105,Medio
102,32,78,4.581868867378926,Alto
108,52,79,4.829688720853552,Alto
14,21,53,1.3347997241594378,Medio
42,20,85,0.8060151375712465,Medio
28,69,91,7.279393069737652,Medio
35,69,19,4.964611523552998,Alto
12,3,32,4.3685070261517955,Bajo
31,93,73,7.295082286523967,Medio
70,74,39,7.6551289899110975,Alto
58,61,31,1.5890816766935356,Alto
114,61,96,6.102251494776413,Alto
85,93,1,1.3535408227768553,Critico
27,94,96,7.513750860290457,Medio
65,23,32,6.569551562671395,Medio
41,54,76,9.56614621083458,Bajo
44,8,29,0.6895801635642118,Medio
61,2,32,0.5705472115125432,Alto
56,30,76,2.8218707469320012,Medio
116,39,25,2.6170568373590597,Critico
5,100,21,2.469787990719998,Alto
27,35,65,9.062545805210366,Bajo
27,23,37,2.495461998495061,Medio
107,94,89,2.71949726128631,Critico
43,5,45,7.593982624179637,Bajo
83,65,14,4.4973984245054,Alto
29,83,97,7.767105569551812,Medio
61,91,43,0.6536615756438524,Critico
74,74,48,4.875711936733843,Alto
118,3,74,0.3361360018328263,Alto
91,78,60,0.6265320345535452,Critico
88,5,66,9.06437453344411,Medio
102,93,5,1.3924537111759516,Critico
61,50,8,5.324206822752171,Alto
96,61,5,4.110956026007066,Critico
0,56,72,3.4734332625884266,Medio
120,65,94,8.998333456872725,Alto
26,78,31,0.218233967754895,Alto
61,74,40,6.637896861755891,Alto
120,7,75,9.633944342135504,Medio
115,25,7,5.60168183461842,Alto
76,50,71,9.368224620330919,Medio
104,44,49,0.5225787928602377,Critico
2,43,91,4.187933190741614,Bajo
102,4,61,2.6015779096205116,Alto
69,69,83,7.3082096498072975,Medio
71,25,61,9.812970904972467,Medio
26,67,6,2.565300624442478,Alto
8,18,74,6.5417460147407445,Bajo
61,83,83,1.9809763275974013,Alto
36,96,79,5.653302545716099,Medio
96,19,3,4.639324866883362,Alto
50,11,5,9.72005329631537,Medio
105,46,57,6.085272726964666,Alto
43,0,21,3.495063720868188,Medio
23,89,25,1.1409578488793337,Alto
78,13,2,1.5124682873493456,Alto
58,63,40,2.2531692995123507,Alto
117,37,59,2.50966661340298,Alto
31,36,13,8.506160578411379,Medio
95,10,74,5.612227882825249,Medio
87,99,81,5.233909113743664,Alto
104,76,11,1.1476887186921747,Critico
51,2,86,8.60139693349435,Bajo
112,32,11,7.228143032084837,Alto
61,5,12,0.6766836190000158,Alto
112,49,24,7.078350972297686,Alto
57,9,44,5.4353821734264605,Medio
51,4,18,0.8172534574677826,Alto
11,22,54,4.583006415286564,Bajo
38,9,99,4.8469628713004695,Bajo
1,43,44,1.6577454016327575,Medio
2,1,7,9.456981470002823,Bajo
112,12,92,8.49975371480662,Medio
100,39,52,6.690223373291083,Alto
112,1,54,4.622955610006072,Alto
55,83,31,4.1176554158450855,Alto
80,64,50,6.509734671509541,Alto
58,62,43,5.4543186940690545,Alto
112,100,81,0.6227310588188562,Critico
1,72,69,5.125026487703317,Medio
1,16,17,8.064036172328395,Bajo
91,8,82,4.59239877596958,Medio
53,74,21,0.5195657755426841,Alto
86,14,36,7.862781993840331,Medio
100,23,95,2.013637821359744,Alto
95,37,55,2.5862083488803878,Alto
96,34,58,1.647063534322959,Alto
0,93,2,3.302150648714975,Alto
18,94,27,7.56751505688635,Medio
1,48,73,5.193858595039373,Bajo
52,68,34,2.048812741507126,Alto
43,61,60,8.778300781520409,Medio
89,59,92,8.795818549515293,Medio
31,49,53,8.70578425046007,Medio
69,77,62,2.3879621138153926,Alto
31,74,78,4.512393441809881,Medio
118,8,96,9.849896561408752,Medio
67,33,6,7.7201247630999035,Medio
54,75,75,0.2716742122555982,Alto
74,98,48,0.6520459126049205,Critico
55,34,93,4.639313768123328,Medio
16,0,84,9.092202058615602,Bajo
37,39,30,5.387017979527142,Medio
23,63,57,4.9781250803429025,Medio
68,21,60,1.0547369995663058,Alto
115,59,23,6.5678010472429404,Alto
97,63,19,8.221031606002255,Alto
69,92,36,3.8042000750756233,Alto
85,71,3,7.756118509253275,Alto
10,10,91,9.644766539008117,Bajo
111,100,19,2.037664591276891,Critico
15,13,59,5.233296311947413,Bajo
96,59,23,2.8713795808457556,Critico
72,29,49,7.9285441903383935,Medio
58,34,48,5.775933658811575,Medio
69,84,50,6.345824175503037,Alto
79,36,95,7.979141596158941,Medio
92,4,35,3.959704726624549,Alto
2,82,97,9.150900684070432,Bajo
19,77,99,5.3302886724614,Medio
58,25,65,1.57954822835348,Medio
35,61,78,6.958991181688025,Medio
18,3,33,7.9326135043825445,Bajo
89,88,35,3.1676167706752665,Critico
66,41,5,8.57179256998753,Medio
18,88,38,9.061432547657663,Medio
19,17,41,2.769044873778089,Medio
95,39,57,9.83521472715222,Medio
70,71,11,1.4071152804875842,Critico
51,38,2,2.0201566840249,Alto
104,13,17,1.8422483923802613,Alto
32,31,39,8.939897100078705,Bajo
39,50,20,6.542925523249618,Medio
38,37,14,1.5210428322227287,Alto
81,96,96,4.40323418368349,Alto
103,22,98,6.15298025069802,Medio
0,62,25,0.8346408498938329,Medio
10,14,7,8.824163684073387,Bajo
91,96,99,8.036035354415352,Alto
56,24,93,5.052067735766382,Medio
88,16,86,9.671266152591704,Medio
49,96,41,4.177609792750997,Alto
22,65,43,9.841103190364977,Medio
30,77,13,6.67919998803627,Medio
93,52,77,6.346712732539414,Alto
41,50,1,1.65954895295785,Alto
98,38,36,8.81927758304644,Alto
6,50,68,4.2748968792061515,Medio
15,69,37,1.6223340578247936,Medio
89,5,40,0.1260751997575904,Alto
111,66,61,5.597556836383825,Alto
120,6,59,5.2739962212267635,Alto
115,50,13,7.193536223691586,Alto
59,71,88,8.902580530178021,Medio
112,41,83,0.7940658464302952,Alto
1,63,1,7.314964903403624,Medio
0,14,69,1.8741194409758222,Bajo
47,28,16,8.581770531571639,Medio
11,32,88,8.19063513861656,Bajo
68,93,27,5.407937549855443,Alto
36,26,65,7.102427986233115,Bajo
31,35,34,3.1435011318374837,Medio
118,28,100,4.7116789893281465,Alto
8,37,4,8.216368977104716,Bajo
104,56,64,4.592651971732139,Alto
98,96,39,3.577982653254418,Critico
18,100,75,4.942124472502999,Medio
47,26,55,8.282492524372184,Medio
79,54,35,3.3520804737087273,Alto
2,32,44,1.737615931357438,Medio
19,67,22,7.120140203307807,Medio
23,85,46,8.259782127080818,Medio
53,65,30,1.0063747852353333,Alto
119,9,10,2.3987411275594472,Critico
32,4,9,1.419719897609939,Medio
23,73,66,3.4794141158216663,Medio
115,96,13,4.503509789054126,Critico
74,37,79,7.4882633696330645,Medio
112,12,73,6.511475848816741,Medio
71,30,92,6.2092856747843115,Medio
35,46,9,3.523749466096544,Alto
37,99,75,8.4144755308476,Medio
103,87,93,4.712871673981645,Alto
83,51,0,9.791049380151545,Alto
98,55,4,6.3414213829573685,Alto
111,14,19,1.2626474156450274,Critico
88,28,7,6.7617756207543405,Alto
98,7,42,3.25104015431699,Alto
24,4,75,6.8632719668609745,Bajo
92,28,0,0.6964114816240574,Critico
17,46,56,1.7488143717595939,Medio
109,67,63,8.557372589057863,Alto
81,75,83,2.271795570235149,Alto
65,44,27,8.3704112524294,Medio
53,1,36,2.792760884544104,Medio
34,26,46,6.428819100587076,Medio
79,94,100,6.9415057350983105,Alto
60,35,75,5.126547531450529,Medio
40,35,36,3.053106766967313,Medio
99,25,48,2.126443763710961,Alto
32,42,43,0.3318935456242622,Alto
67,26,55,3.039464012407238,Medio
32,68,27,6.53162790531283,Medio
13,19,78,9.383048184484826,Bajo
20,10,5,8.71204482263052,Bajo
47,73,60,7.660647765353026,Medio
19,37,19,7.884473432532987,Medio
119,5,77,6.649849034759953,Medio
7,71,1,2.60286857566003,Alto
6,22,72,9.071950307058298,Bajo
66,46,36,6.707323119058341,Medio
16,89,19,5.6044063098044,Medio
32,45,25,1.1098946921348107,Alto
47,11,28,4.470555438064254,Medio
75,89,0,4.6035827120192625,Critico
58,12,34,8.645636095226699,Medio
114,61,69,5.466482201877884,Alto
85,81,100,3.8040054897040965,Alto
118,88,58,9.768003285106593,Alto
21,96,68,1.1072059332631567,Alto
109,59,32,4.225484283119446,Critico
29,42,50,0.4202467517140529,Medio
37,75,77,7.3990412076693035,Medio
101,99,11,9.180765521991507,Critico
108,67,19,2.8003732955048943,Critico
50,4,52,8.583416767991208,Bajo
53,36,87,2.9221823046189774,Medio
7,71,42,9.107701616439153,Bajo
26,91,97,7.5396190359678394,Medio
26,30,88,8.049067768414385,Bajo
97,8,49,0.180065556004545,Alto
20,50,28,9.62810357074026,Bajo
29,28,56,7.266709920703232,Bajo
96,77,38,3.047510953861333,Critico
27,39,94,8.29394664858847,Bajo
110,40,55,2.8152119841492995,Alto
63,85,42,8.727538395661279,Alto
96,10,49,1.1258039041193701,Alto
68,22,22,7.036859774607958,Medio
60,0,43,5.406984766449103,Medio
47,45,37,0.9653447019544081,Alto
18,100,83,2.41893828258839,Medio
3,20,22,0.1240403627731479,Medio
34,89,44,4.687679654645058,Alto
63,35,51,3.0126526076000038,Alto
48,53,79,5.983574842977588,Medio
16,86,49,2.972378077086172,Medio
43,56,7,2.9991911150698467,Alto
91,0,84,7.431931987316034,Medio
29,62,0,0.4814283597835345,Alto
92,53,7,9.028949951919872,Alto
45,54,28,8.522638743911815,Medio
116,39,95,6.678046832264065,Alto
5,14,4,5.932215701073843,Bajo
98,20,85,8.923024981396523,Medio
104,46,46,1.8533017952871444,Critico
36,72,33,0.7896916219082861,Alto
23,52,64,2.395101699095381,Medio
92,8,54,7.945782787001903,Medio
112,73,89,0.34670266726483323,Critico
45,51,42,5.828068350834896,Medio
52,56,73,9.954375161913099,Medio
94,25,29,8.556960938375394,Medio
98,40,81,5.214456890435894,Alto
59,34,16,0.6364090928664234,Alto
96,62,25,8.313735143857098,Alto
115,24,7,5.989785081772105,Alto
62,89,46,1.1493299705956683,Alto
84,74,75,0.938572848233562,Alto
31,37,90,9.096268194365924,Bajo
86,1,71,6.692002629380784,Medio
32,6,88,8.292867993167555,Bajo
66,81,45,8.789789002822673,Alto
17,90,67,5.717723520483222,Medio
24,33,32,5.174463517550413,Medio
105,90,0,4.304274103209902,Critico
94,16,18,3.169465877911193,Alto
53,42,30,4.345959608587117,Medio
57,58,79,7.738796557301564,Medio
66,50,13,6.019234310151315,Alto
103,53,52,8.925232899548462,Alto
45,23,47,4.433800143791878,Medio
23,24,68,6.07089578718754,Bajo
113,70,89,6.313075530919887,Alto
31,51,61,5.916971623063255,Medio
46,69,91,7.026337730855163,Medio
85,87,65,2.374334683748063,Alto
22,32,63,5.123637775457906,Medio
65,48,69,1.0422480280834767,Alto
26,28,62,3.8451132764481253,Medio
105,62,72,4.876670686212644,Alto
1,21,32,6.522242595454725,Bajo
89,25,40,9.505310525862035,Medio
16,27,88,6.0065106654835585,Bajo
103,84,47,7.435939161765598,Alto
32,48,12,5.062660594952027,Medio
8,70,72,6.341040313763314,Medio
42,80,76,0.7093221613377343,Alto
117,83,30,2.54391580841847,Critico
47,48,74,3.618530932051387,Medio
38,19,67,4.724933550065136,Medio
92,85,97,0.45648745502383736,Critico
41,91,3,1.4002409755331768,Alto
118,62,18,2.7681430779130576,Critico
25,60,69,9.715326909010507,Bajo
98,48,97,3.3134700710305074,Alto
49,70,81,4.820410581120825,Medio
24,0,12,1.9609771273839294,Medio
23,95,22,6.107800710757683,Medio
12,12,82,2.806832155159743,Bajo
59,93,74,2.0699257843842678,Alto
6,86,0,5.16572628445979,Medio
56,50,87,0.05505799160420821,Alto
35,55,53,0.07664032649225327,Alto
44,82,70,2.1906880910185778,Alto
19,61,88,0.3672136250082114,Medio
64,31,84,1.0802575413069138,Medio
7,29,14,3.388606493387516,Medio
109,28,64,8.025856795798129,Alto
15,48,75,5.720486433693008,Bajo
13,44,70,5.126677259564164,Bajo
75,92,14,2.9348882320812164,Critico
114,29,20,9.317537194328164,Alto
86,15,18,3.9701504123719165,Alto
14,39,59,0.8709276679577149,Medio
91,18,92,6.170665161178013,Medio
97,17,88,1.138383934766014,Alto
65,0,32,3.452231428016921,Medio
31,77,48,5.074119387178088,Medio
86,46,95,8.742225246851758,Medio
62,65,34,4.935465803401186,Alto
85,91,43,7.022587660316643,Alto
50,93,89,9.928168389990704,Medio
24,37,10,1.3148911989798162,Medio
57,50,98,2.747315255195195,Medio
62,62,71,3.945760755976464,Alto
61,3,77,4.218281785388314,Medio
21,0,73,4.110210752655457,Bajo
57,7,65,9.07611002556555,Bajo
57,28,45,7.140326444668564,Medio
85,54,8,6.079052140907038,Alto
48,2,2,3.093727178627821,Medio
51,31,84,8.237903842212948,Bajo
41,9,25,9.550605114849889,Bajo
69,73,71,8.211982825502265,Medio
14,82,47,0.01565105191472904,Alto
53,33,65,6.36401370183407,Medio
106,96,69,0.5113538144210072,Critico
59,86,27,2.5760722033372185,Alto
100,54,92,0.5952470034777169,Alto
96,91,25,6.037954529493877,Critico
7,31,24,6.865899134926067,Bajo
52,49,11,1.1448763806590512,Alto
59,6,4,3.838388830449795,Medio
107,92,97,4.562365089555421,Alto
107,7,47,3.690530217609166,Alto
4,64,36,1.2102500048519305,Medio
102,56,78,4.1894779018747546,Alto
67,66,43,7.511780478084181,Alto
5,87,99,0.7100766453325547,Medio
108,86,14,0.8018001408190345,Critico
95,58,42,3.547712918359842,Alto
115,71,47,9.417257116189251,Alto
93,53,86,6.6857264672291405,Alto
46,100,69,6.786699566725648,Medio
98,66,45,3.6191999083786497,Alto
54,50,42,5.9366079120853845,Medio
39,96,20,0.10131184027743378,Critico
51,91,22,6.360960464095422,Alto
15,7,79,9.132869475762368,Bajo
12,33,46,6.125734683448192,Bajo
113,34,14,8.736985934663451,Alto
105,95,24,7.239730554660938,Critico
29,87,35,1.2055841640369025,Alto
18,77,74,9.024533072858418,Bajo
16,31,50,0.6644384435577488,Medio
119,45,14,5.3396747254776376,Critico
62,15,67,1.4213712379345766,Medio
18,67,20,0.11706610730904066,Alto
91,36,12,4.22034260127639,Alto
57,53,85,2.9504070765415626,Medio
54,84,18,4.86000493797603,Alto
89,13,33,5.771998867345508,Alto
100,94,77,0.4373907230894736,Critico
89,54,67,1.2300329512374564,Alto
116,47,51,5.586423964504253,Alto
61,81,26,3.4316735317265823,Alto
22,6,28,7.29173487549448,Bajo
8,73,27,6.522916485919397,Medio
11,6,34,8.456043629899067,Bajo
116,32,7,6.924928266692253,Alto
0,22,15,4.299310773901482,Medio
57,84,35,6.729666223944324,Alto
0,18,29,2.753811742554185,Medio
110,18,17,3.063134987782127,Alto
33,35,1,7.889851599207933,Medio
95,28,48,4.4641951640158215,Alto
117,59,76,7.983803405183525,Alto
47,81,3,8.224223736682784,Alto
88,1,89,8.575623376612837,Medio
103,0,88,9.166352358412073,Medio
108,46,93,4.309852205132962,Alto
116,68,74,3.188668183211388,Critico
0,19,6,5.821987465941138,Bajo
15,10,94,3.711724234376276,Bajo
60,1,73,6.010741668002329,Medio
102,66,38,7.055858626438246,Alto
63,86,12,6.884050184921369,Alto
62,11,30,3.7455288702012135,Medio
68,19,70,1.6686020169875282,Medio
21,4,62,4.305293384622075,Bajo
92,36,55,1.4259414408190874,Alto
118,37,41,8.900970351838083,Alto
66,93,60,3.458774607378574,Alto
75,8,41,1.5445974722332378,Alto
25,97,55,0.2544775990575088,Alto
15,52,35,6.458223862864843,Medio
50,43,83,6.369023174547433,Medio
100,98,67,3.406041665812917,Critico
85,85,6,0.7171188884765101,Critico
56,23,53,4.096288948952321,Medio
28,80,0,3.1121749506339356,Alto
77,73,43,6.7712063973500936,Alto
91,29,44,6.057792494526904,Alto
68,58,46,3.6459372819754,Alto
46,86,12,2.178925542549901,Alto
112,95,21,9.880359661555918,Alto
93,80,20,4.540016211961149,Critico
109,80,85,6.88274235780237,Alto
61,13,91,1.4055296757836078,Medio
115,8,8,4.855896996593978,Alto
68,39,25,0.27536719869465487,Alto
75,65,8,5.054551179104499,Alto
15,24,14,9.640174071177023,Bajo
89,72,9,3.8420671298580023,Critico
89,21,87,0.38996012574911587,Alto
47,3,41,0.3095579091934353,Medio
84,25,71,3.879867599468695,Alto
38,57,23,1.6002493646319405,Alto
99,28,79,0.23352096328185912,Alto
32,97,48,7.562136139501768,Medio
93,86,25,4.585230088818907,Critico
100,36,90,2.8924477197265452,Alto
22,74,36,9.000831830164808,Medio
9,69,67,1.161389602005256,Medio
117,17,49,9.559188289553193,Medio
68,84,23,3.139667173773528,Alto
99,41,18,8.884036723086812,Alto
33,99,99,6.029428764794615,Medio
51,40,59,8.267073597414875,Medio
94,37,38,9.840131632104644,Medio
9,33,73,2.8840543781874572,Medio
18,16,88,9.61135485407593,Bajo
57,36,17,3.8948189490242036,Alto
95,24,18,3.8551190473692234,Alto
0,75,35,3.403871042545057,Medio
119,86,73,5.414076073475852,Critico
68,85,96,1.541450431784871,Alto
108,84,54,5.537114853580112,Critico
3,26,68,5.41704812410004,Bajo
15,56,46,7.6190181260487,Medio
23,30,48,8.336499619375855,Bajo
79,5,98,4.404413503124241,Medio
118,90,97,3.0233324935149373,Critico
1,39,32,2.5933489731709445,Medio
112,97,20,1.9462383670487193,Critico
91,11,80,0.5764758219902488,Alto
31,52,21,3.424479788347133,Medio
90,70,47,2.7024769213078326,Alto
83,9,36,9.664173858664073,Medio
23,44,14,5.577088262500439,Medio
11,16,34,3.4727703903050755,Medio
49,25,91,5.80467600993696,Medio
34,84,70,1.391967013456955,Alto
32,91,31,4.4404374920220295,Alto
32,61,10,6.262343214210638,Medio
60,45,9,4.888978317924514,Alto
50,63,72,4.017788006543243,Medio
42,1,77,9.938483888996982,Bajo
100,53,76,8.80314762148927,Medio
11,64,56,6.234059581594401,Medio
66,50,24,5.693773611822827,Alto
64,52,1,6.2066047982458405,Alto
32,35,63,2.0131210782243327,Medio
39,25,34,3.951377432643186,Medio
73,28,6,0.3945953289089932,Alto
42,20,84,4.7554603748682664,Medio
43,10,17,5.4302458395766315,Medio
28,39,66,2.277497361032096,Medio
12,10,41,9.640288471655138,Bajo
11,35,38,9.09454610937242,Bajo
94,58,40,7.221432354559059,Alto
45,38,74,5.333866287653626,Medio
1,98,23,8.69969159647685,Medio
114,53,59,1.3065234382346291,Critico
113,97,45,7.90509794274885,Critico
34,54,18,1.248208139668483,Alto
86,23,67,7.942106625494054,Medio
80,21,89,2.7576756825135695,Medio
89,68,41,8.770905810181889,Alto
7,55,31,9.440420938253979,Bajo
92,32,38,1.4879596940511564,Alto
25,35,35,4.626756050653935,Medio
73,19,100,9.809873781626852,Bajo
89,82,96,4.834074359731466,Alto
33,98,35,8.635475225145452,Medio
114,80,2,5.887315221313198,Critico
104,61,72,3.753299079196019,Alto
6,97,7,2.857835555258702,Alto
67,72,96,2.0322309108608727,Alto
57,25,69,7.617981913776973,Medio
116,65,40,3.8654050682302787,Critico
113,72,67,5.112754622007511,Alto
108,72,12,4.9232548000118195,Critico
74,39,48,5.772790292331313,Medio
28,16,59,8.655771456245523,Bajo
119,0,1,9.807393435834294,Alto
35,88,59,4.075842085738169,Alto
88,60,4,8.27518922106303,Alto
20,42,43,7.645277946547177,Bajo
120,41,26,5.735289514555733,Alto
35,24,31,9.56047143611933,Bajo
9,38,20,2.004745155284028,Medio
100,34,7,1.0926421030962141,Critico
72,2,71,8.539619669554222,Bajo
23,100,49,4.391498166337483,Alto
63,43,66,8.469688542070605,Medio
98,50,43,8.930902051954149,Alto
48,93,57,0.6245759361907144,Alto
98,97,2,8.834647629860607,Critico
111,11,85,4.483190553694222,Alto
35,18,69,5.104324890042323,Medio
81,100,1,6.265925110932102,Critico
112,43,86,9.263826067300867,Medio
102,58,43,0.1911609442976403,Critico
95,48,1,4.768434683178171,Alto
23,60,80,6.877220424305607,Medio
22,16,34,7.227069576982284,Bajo
61,73,97,6.92532431537108,Medio
95,56,86,1.3443512940812186,Alto
36,54,29,2.9939558837168123,Alto
11,46,7,3.587155254170135,Medio
112,11,21,8.04437207679505,Alto
54,61,43,2.7875987241455302,Alto
12,79,57,2.1070496386720317,Medio
22,87,35,9.574480190380962,Medio
88,82,68,0.088632851134689,Critico
98,7,76,9.978208556819782,Medio
104,94,92,6.768212988573956,Alto
29,20,30,8.28469299449117,Bajo
16,80,46,2.9461939634619316,Medio
112,86,54,0.14315277667059978,Critico
61,100,79,7.3786951856153005,Alto
83,79,61,8.341445970006758,Alto
111,69,29,7.404761319535192,Alto
88,71,54,1.428502873008386,Critico
85,24,15,7.53427922256969,Alto
12,81,11,7.689227821076409,Medio
58,88,16,6.585405156700549,Alto
18,11,15,7.661159327955862,Bajo
48,14,11,8.459214396777321,Medio
99,58,7,6.136041142374584,Alto
11,25,83,0.8860471396967906,Medio
60,25,2,4.876278096672109,Alto
104,46,15,0.7764933467160506,Critico
18,31,29,4.075430310324308,Medio
75,9,22,4.071064891256277,Alto
8,15,91,0.6600984414024158,Bajo
70,70,4,3.488205339694793,Alto
27,16,83,1.1099809879131484,Medio
77,22,64,8.082352100092221,Medio
94,25,29,9.476880259644707,Medio
51,84,20,0.7231647525793861,Alto
82,85,83,9.551152072917015,Medio
110,6,69,5.225765993367451,Alto
15,13,21,2.9956567795387388,Medio
116,78,81,0.7686207527616351,Critico
68,6,71,5.006242680704178,Medio
98,8,31,7.945155444907487,Medio
11,47,32,7.070864772666981,Medio
24,71,15,0.5022601146397376,Alto
51,58,75,0.7290183536790351,Alto
84,86,37,4.028732826326371,Alto
99,92,97,2.9529049404794327,Alto
52,81,13,2.3238432305604784,Alto
22,94,35,2.810044989087136,Alto
15,93,96,8.034827432968846,Medio
56,38,22,9.29228053631854,Medio
38,98,65,4.051026945275664,Alto
108,17,84,9.061110021324971,Medio
52,58,1,3.21495701247882,Alto
41,16,90,4.764369863437916,Bajo
57,13,72,2.260289978159997,Medio
38,30,64,6.404760421758439,Medio
13,23,74,9.78981115174809,Bajo
94,98,66,6.034930960433787,Alto
4,59,51,3.5781408411354887,Medio
34,44,61,6.478174459905284,Medio
86,97,22,1.2292067846538757,Critico
92,2,25,8.886590802653986,Medio
106,36,67,5.030839507798364,Alto
74,42,81,4.49349742039642,Medio
17,39,54,5.858647884535192,Medio
110,89,5,6.2478386278940246,Critico
75,54,34,0.7177580622651303,Alto
8,86,21,6.826172212234024,Medio
73,38,42,2.419316803155296,Alto
57,14,14,7.139526325065898,Medio
107,3,85,8.225347943841967,Medio
16,92,59,8.039585075525203,Medio
101,85,100,5.525009674078891,Alto
6,24,11,5.201698923107512,Medio
45,12,48,1.4287596133941172,Medio
12,81,41,7.753461504031356,Medio
39,32,37,2.7140938044671437,Medio
41,15,81,4.966954228179466,Bajo
8,41,44,2.842740929275167,Medio
49,65,34,1.3382836299969314,Alto
26,54,29,6.2955769689173655,Medio
65,98,87,0.5433203482290383,Alto
4,41,29,7.486452341262,Bajo
28,33,77,3.1758679526111666,Medio
36,29,5,0.0013469300448532007,Alto
37,12,66,5.111291392372298,Bajo
82,12,79,0.46851908527603126,Alto
7,17,6,2.761695578208995,Medio
111,31,51,7.069764874557162,Alto
108,95,13,0.6268962162186587,Critico
64,98,72,8.393384923560024,Alto
85,38,14,0.03819922658583108,Critico
115,45,20,2.4682386920190225,Critico
16,28,34,7.409040561520714,Bajo
70,61,65,3.162701497293068,Alto
88,92,90,1.0189238806601353,Critico
44,61,1,3.6023391880042785,Alto
3,56,34,2.7039328638452553,Medio
35,15,81,8.427119021605549,Bajo
69,55,77,3.1334791758514315,Alto
30,9,19,7.889324717760072,Bajo
18,29,81,8.918721448107348,Bajo
60,24,9,4.338174195765295,Alto
107,83,24,9.09943143854392,Alto
53,4,65,3.7731805396319285,Medio
38,64,24,9.640784164901081,Medio
90,93,53,0.8928952452557293,Critico
73,48,32,6.870192665032428,Alto
89,2,35,4.938140404569287,Medio
18,44,94,3.8764880545564706,Bajo
38,13,13,6.327118787486009,Medio
66,29,64,7.038570916343312,Medio
44,67,79,0.04363269650309087,Alto
12,17,53,1.6695308874719872,Medio
113,61,51,7.130460506343187,Alto
91,36,2,6.663854135782064,Alto
57,24,98,9.660475051286772,Bajo
19,47,40,7.61037790250783,Medio
91,64,5,9.50772707731338,Alto
71,52,24,7.02540501534807,Alto
60,78,12,2.9805220863944317,Alto
104,72,97,1.0536492225085647,Critico
38,14,7,7.818238633449356,Medio
0,48,20,6.441492214759159,Medio
2,87,97,0.4818601239329623,Medio
76,67,67,3.6005046590097836,Alto
91,11,24,9.567998154842861,Medio
61,58,78,5.0040114571020125,Medio
120,36,67,4.327291360197046,Alto
62,60,44,4.57699605159294,Alto
112,100,59,2.0888272400516374,Critico
24,42,11,3.6870717086479523,Medio
55,69,31,3.698132559871766,Alto
32,38,95,0.523550201874724,Medio
37,55,91,7.675676285179183,Medio
116,62,12,4.16504431903879,Critico
5,45,30,8.221798868164234,Bajo
57,87,77,8.503480011198954,Medio
43,10,19,2.1199405469865806,Medio
44,61,17,6.573534821701285,Medio
31,76,92,4.722818041629817,Medio
44,97,59,8.80156737921485,Medio
60,24,62,2.157406791764541,Medio
46,70,5,6.778132003100442,Alto
20,51,31,6.077521222527226,Medio
79,3,92,2.953014775718328,Medio
117,58,42,1.3660090365117261,Critico
84,71,1,6.516397604772766,Alto
74,19,59,7.385974581323307,Medio
100,92,22,3.1562734376334998,Critico
35,62,82,6.448326040223138,Medio
98,53,30,3.9513090761150327,Alto
18,73,4,7.132068832826177,Medio
19,97,82,1.992152748940531,Medio
56,56,33,8.902150026361744,Medio
17,89,9,2.8740959646557975,Alto
46,40,88,3.677859877561529,Medio
104,2,1,0.5809195208034978,Critico
48,5,10,1.115122123212764,Alto
13,4,49,5.158619027123281,Bajo
14,4,30,2.675926767279715,Medio
30,53,55,8.354802257421944,Medio
0,46,78,0.14693388654953843,Medio
116,86,72,3.7909404867193617,Critico
53,48,86,3.3734554676909267,Medio
117,8,82,0.19327630917601035,Alto
2,98,8,1.2436839900051022,Alto
15,19,98,4.136426749186352,Bajo
86,60,20,4.928645844474467,Alto
56,34,72,4.042897472548691,Medio
74,49,27,5.309376784120938,Alto
11,81,61,5.951316749056815,Medio
73,61,6,0.0992382112783563,Critico
95,16,79,4.640951594535039,Medio
15,87,15,9.634992408875883,Medio
71,2,96,5.190322801295487,Medio
101,31,3,6.775422674589532,Alto
75,98,3,3.118638579168832,Critico
23,12,39,7.739913781527625,Bajo
27,88,16,7.729214818761151,Medio
116,72,100,5.212960476541389,Alto
7,67,51,9.760138232792135,Bajo
91,13,92,1.2555021476265338,Alto
35,100,51,0.16947664889580993,Alto
89,97,35,7.701582117570959,Alto
7,10,37,8.071555373648826,Bajo
57,55,49,1.2020722912057624,Alto
59,66,62,2.6558283295860607,Alto
49,91,100,0.1755236336662891,Alto
27,28,62,2.933086107805647,Medio
91,8,61,7.731418739186715,Medio
100,66,98,5.179605277125789,Alto
40,24,6,3.480955931682881,Medio
99,97,26,3.717392949063303,Critico
63,75,91,0.013536257154681541,Alto
26,41,85,2.9980052756523587,Medio
117,8,13,6.464587416379305,Alto
62,78,70,9.741944438163571,Medio
16,39,100,8.470608269838994,Bajo
72,24,85,0.23594964645529126,Alto
32,4,4,8.985606046748394,Bajo
116,10,54,7.83198413298626,Alto
83,58,1,7.803761235709804,Alto
76,97,61,4.579957590035715,Alto
91,87,90,3.980052929545028,Alto
111,78,20,3.029157288331926,Critico
28,37,78,0.6569485895436578,Medio
12,71,20,2.282353634936991,Alto
45,4,9,2.4660363497802464,Medio
34,47,86,4.840770697102016,Medio
5,89,57,7.4744440659669396,Medio
81,17,38,4.7380982839794665,Alto
114,69,4,0.5784444944716061,Critico
68,36,64,9.57789800988204,Medio
46,59,12,9.427243190941123,Medio
24,47,84,7.851895431484084,Bajo
65,76,89,9.913279015642205,Medio
9,27,84,5.444823328002629,Bajo
55,68,52,9.627683502532062,Medio
29,76,81,0.7560504061675077,Alto
113,80,100,3.656807482613713,Alto
108,39,44,2.253812680067658,Alto
4,44,31,1.9583308413427003,Medio
118,95,35,1.4080294889267608,Critico
119,61,80,6.224136415659967,Alto
32,92,98,7.813218557473051,Medio
117,57,59,5.782983994203606,Alto
64,66,10,1.4696270958820967,Alto
17,55,62,8.111237699334708,Bajo
95,39,20,6.359547071637285,Alto
110,97,51,3.881657061269955,Critico
48,39,54,6.74130295536063,Medio
10,90,25,2.5990497924283282,Alto
84,76,67,3.451922084942105,Alto
25,32,33,9.174858431319903,Bajo
62,5,51,2.905045056714204,Medio
88,87,81,4.699882681579366,Alto
85,18,98,8.901411373960146,Medio
58,79,92,7.077213502675274,Medio
26,39,51,0.6220322616470275,Medio
48,91,28,1.4730304427897034,Alto
76,96,37,0.07841590771916818,Critico
32,58,41,6.309217902291634,Medio
97,58,20,4.4767342541041835,Alto
104,47,41,1.3427485090227553,Critico
98,40,12,9.579341210567705,Alto
0,12,63,5.296597239456199,Bajo
20,44,16,2.418932941128892,Medio
111,88,8,5.006035711547075,Critico
54,52,40,6.796203327351078,Medio
5,41,0,0.7623921797356448,Medio
91,99,1,2.74703815047892,Critico
80,62,59,8.069654908839937,Medio
68,26,47,4.596648704026612,Medio
94,37,28,5.465771420322949,Alto
4,59,96,4.328160022094693,Bajo
101,6,9,0.4389994264300512,Alto
2,4,57,1.6574977982015593,Bajo
52,44,59,4.455416387418909,Medio
22,57,20,2.0918546540792784,Alto
100,30,27,0.49979028659678737,Critico
52,22,74,8.436496640518238,Bajo
36,41,33,9.811925291641158,Medio
73,9,7,7.931428739967394,Medio
73,31,58,8.53784921704667,Medio
82,52,85,2.419771303170454,Alto
